vendor,coll,seoSuffix,article,sex,mechanism,diametr,thicknes,corpus,glass,braslet,water,function,dopoform_fake,dopoform,form,caliber,colorDial,colorWristlet,exit,price,youtube,id,update
,Ventura,,H24255359,,С автоматическим подзаводом,"14,5 x 28,4 мм",,Нержавеющая сталь,Сапфировое,,Водонепроницаемость 5 бар (50 м) / 73 psi (164 фута),,,,,2671,Серебристый,Белый,,261700,,,
,Jazzmaster,,H32215141,,С автоматическим подзаводом,36 мм,,Нержавеющая сталь,Сапфировое,,Водонепроницаемость 5 бар (50 м) / 73 psi (164 фута),,,,,H-10,Синий,Белый,,74100,,,
,Jazzmaster,,H32215730,,С автоматическим подзаводом,36 мм,,Нержавеющая сталь,Сапфировое,,Водонепроницаемость 5 бар (50 м) / 73 psi (164 фута),,,,,H-10,Черный,Черный,,68000,,,
,Jazzmaster,,H32515145,,С автоматическим подзаводом,40 мм,,Нержавеющая сталь,Сапфировое,,Водонепроницаемость 5 бар (50 м) / 73 psi (164 фута),,,,,H-10,Синий,,,57900,,,
,Jazzmaster,,H32515641,,С автоматическим подзаводом,40 мм,,Нержавеющая сталь,Сапфировое,,Водонепроницаемость 5 бар (50 м) / 73 psi (164 фута),,,,,H-10,Синий,Синий,,52200,,,
,Jazzmaster,,H42535140,,С автоматическим подзаводом,40 мм,,Нержавеющая сталь,Сапфировое,,Водонепроницаемость 5 бар (50 м) / 73 psi (164 фута),,,,,H-10,Синий,,,72000,,,
,Jazzmaster,,H42535610,,С автоматическим подзаводом,40 мм,,Нержавеющая сталь,Сапфировое,,Водонепроницаемость 5 бар (50 м) / 73 psi (164 фута),,,,,H-10-S,Белый,Синий,,93300,,,
,American Classic,,H51616731,,С автоматическим подзаводом,"48,5 x 51,50 мм",,Нержавеющая сталь,Сапфировое,,Водонепроницаемость 10 бар (100 м) / 145 psi (328 футов),,,,,H-31,Черный,Черный,,189300,,,
,Khaki Field,,H70545550,,С автоматическим подзаводом,42 мм,,Титан,Сапфировое,,Водонепроницаемость 10 бар (100 м) / 145 psi (328 футов),,,,,H-10,Черный,Коричневый,,72200,,,
,Khaki Navy,,H82211181,,Кварцевый,37 мм,,Нержавеющая сталь,Сапфировое,,Водонепроницаемость 10 бар (100 м) / 145 psi (328 футов),,,,,F06.105,Серый,,,43400,,,
